SKU,Brand,Name,image_url,Category,Pack Size,Net Weight,Country of Origin,Shelf Life,Case Weight,Case Cube,Case Dimensions,Cases Per Pallet,Pallet Pattern,Serving Size,Servings Per Container,Calories,Total Fat (g),Sodium (mg),Potassium (mg),Total Carbohydrates (g),Dietary Fiber (g),Total Sugars (g),Added Sugars (g),Protein (g),Vitamin D (mcg),Calcium (mg),Iron (mg),Vitamin C (mcg),Ingredients,Allergens,Quality Grade,Calories from Fat,Saturated Fat (g),Trans Fat (g),Cholesterol (mg),Vitamin A (%),Vitamin C (%)
7281017500,LIGO Brand,Fruit Cocktail in Heavy Syrup,images/7281017500.png,Canned Fruits,24 / 8.75 oz.,8.75 oz (248g),,,17 pounds,.30 cubic foot,,,,1/2 cup (128g),3.5,90,0,15,125,23,1,22,,0,,,,,"Fruit Cocktail, Water, High Fructose Corn Syrup, Sugar, Corn Syrup",,,,,,,,
7281010300,LIGO Brand,Fruit Cocktail in Heavy Syrup,images/7281010300.png,Canned Fruits,24 / 15 oz.,15 oz (425g),,,27 pounds,.52 cubic foot,,,,1/2 cup (128g),3.5,90,0,15,125,23,1,22,,0,,,,,"Fruit Cocktail, Water, High Fructose Corn Syrup, Sugar, Corn Syrup",,,,,,,,
7281034073,LIGO Brand,Fruit Cocktail in Heavy Syrup - Choice Quality,images/7281034073.png,Canned Fruits,24 / 30 oz.,30 oz (850g),,,26.5 pounds,.50 cubic foot,,,,1/2 cup (128g),Approx. 7,100,0,10,110,25,1,18,,0,,,,,"Fruit Cocktail, Water, High Fructose Corn Syrup, Sugar, Corn Syrup",,,,,,,,
7281034081,LIGO Brand,Cling Peach Halves in Heavy Syrup,images/7281034081.png,Canned Fruits,24 / 29 oz.,29 oz (825g),,,26.5 pounds,.50 cubic foot,,,,1/2 cup (128g),Approx. 7,100,0,10,110,24,1,23,,1,,,,,"Peaches, Water, High Fructose Corn Syrup, Sugar, Corn Syrup",,,,,,,,
7281034076,LIGO Brand,Yellow Cling Peach Halves in Heavy Syrup,images/7281034076.png,Canned Fruits,24 / 15 oz (425g),15 oz (425g),USA (California),36 Months,27 pounds,.52 cubic foot,,,,1/2 cup (140g),3,100,0,10,120,25,1,23,,1,0,10,0.4,,"Peaches, Water, High Fructose Corn Syrup, Sugar, Corn Syrup",,,,,,,,
7281034079,LIGO Brand,Cling Peach Halves in Heavy Syrup,images/7281034079.png,Canned Fruits,24 / 29 oz.,29 oz (825g),,,26.5 pounds,.50 cubic foot,,,,1/2 cup (140g),6,110,0,0,0,25,1,18,,1,,,,,"Peaches, Water, High Fructose Corn Syrup, Sugar, Corn Syrup",,,,,,,,
7281034083,LIGO Brand,Bartlett Pear Halves in Heavy Syrup,images/7281034083.png,Canned Fruits,24 / 29 oz.,29 oz (822g),,,26.5 pounds,.50 cubic foot,,,,1/2 cup (130g),About 6,100,0,10,80,25,2,19,,0,,,,,"Pears, Water, High Fructose Corn Syrup, Sugar, Corn Syrup",,,,,,,,
7281062110,LIGO Brand,Pineapple Slices in Heavy Syrup,images/7281062110.png,Canned Fruits,24 / 30 oz.,30 oz (825g),,,53 pounds,1.00 cubic foot,,,,1/2 cup (128g),Approx. 7,100,0,10,110,25,1,18,,0,,,,,"Pineapple, Water, High Fructose Corn Syrup, Sugar, Corn Syrup",,,,,,,,
LIGO-22012,LIGO Brand,Super Sweet Whole Kernel Corn,,Canned Vegetables,24 / 15 oz (425g),15 oz (425g),USA,36 Months,,,,,,1/2 cup (125g),3.5,80,1,220,190,17,2,5,2,2,0,0,0.5,,"Super Sweet Whole Kernel Corn, Water, Salt",,,,,,,,
7281011603,LIGO Brand,100% Pure Pineapple Juice Unsweetened,,Bottled & Tetra Pack Juices,24 / 18.1 fl oz (536ml),18.1 fl oz (536ml),Philippines / Thailand,24 Months,,,,,,8 fl oz (240ml),2.2,130,0,10,320,32,1,28,,1,0,30,0.7,,"100% Pineapple Juice, Ascorbic Acid (Vitamin C)",,,,,,,,
LG-41080,Liberty Gold,Bartlett Pear Halves in Natural Juice,,Canned Fruits,12 / 29 oz (825g),29 oz (825g),USA (Pacific Northwest),36 Months,,,,,,1/2 cup (140g),6,70,0,5,110,18,2,15,,0,0,12,0.3,,"Pears, Water, Pear Juice Concentrate",,,,,,,,
LG-IND-900,Industrial / Foodservice,Aseptic Peach & Fruit Purees,,Condiments & Specialty Item,55 Gal Drum / 220 Gal Tote,480 lbs / 2000 lbs,USA / Chile,18 Months (Aseptic),,,,,,100g,Bulk,50,0,5,190,12,1.5,10,,0.8,0,8,0.4,,"Peach Puree, Ascorbic Acid",,,,,,,,
LIGO-11040,LIGO Brand,Sweet Green Peas,,Canned Vegetables,24 / 14.1 oz (400g),14.1 oz (400g),USA / EU,36 Months,,,,,,1/2 cup (130g),3,70,0,280,160,12,4,4,,5,0,25,1.2,,"Green Peas, Water, Sugar, Salt",,,,,,,,
7281077346,LIGO Brand,TRAVELIN' FRUIT CUPS - Mixed Fruit in Light Syrup,images/7281077346.png,4 oz. Travelin' Fruit Cups,4 / 4 oz.,4 oz (113g),,,8.5 pounds,.31 cubic foot,13.5 x 10.2 x 4 inches,132,11 per layer / 12 layers high,1 cup (113g),4,80,0,10,0,18,<1,17,,<1,,0,0,0.5,,,,,,,,,
7281021072,LIGO Brand,Cut Green Beans,7281021072.png,Canned Vegetables,24 / 14.5 oz.,14.5 oz (411g),USA,36 Months,14 pounds,.30 cubic foot,,,,1/2 cup (120g),About 3.5,20,0,380,75,4,2,2,0,<1,,26,0,,"Green Beans, Water, Salt",,Fancy Quality,0,0,0,0,4%,6%
7281013253,LIGO Brand,Sweet Peas,7281013253.png,Canned Vegetables,24 / 8.5 oz.,8.5 oz (241g),USA,36 Months,16 pounds,.30 cubic foot,,,,1/2 cup (125g),About 2,70,0.5,370,0,12,3,6,,4,,26,1.4,,"Sweet Peas, Water, Sugar, Salt",,Extra Quality,5,0,0,0,6%,20%
7281034084,LIGO Brand,Sweet Peas,7281034084.png,Canned Vegetables,24 / 15 oz.,15 oz (425g),USA,36 Months,14 pounds,.30 cubic foot,,,,1/2 cup (125g),About 3.5,70,0.5,370,0,12,3,6,,4,,26,1.4,,"Sweet Peas, Water, Sugar, Salt",,Fancy Quality,5,0,0,0,6%,20%
7281025270,LIGO Brand,Peas & Carrots,7281025270.png,Canned Vegetables,24 / 8.5 oz.,8.5 oz (241g),USA,36 Months,16 pounds,.30 cubic foot,,,,1/2 cup (125g),About 2,60,0,330,0,10,4,4,,3,,26,1.4,,"Peas, Carrots, Water, Sugar, Salt",,Fancy Quality,0,0,0,0,80%,10%
7281025362,LIGO Brand,Peas & Carrots,7281025362.png,Canned Vegetables,24 / 15 oz.,15 oz (425g),USA,36 Months,14 pounds,.30 cubic foot,,,,1/2 cup (125g),About 3.5,60,0,330,160,10,4,4,,3,,26,1.4,,"Peas, Carrots, Water, Sugar, Salt",,Fancy Quality,0,0,0,0,80%,10%
7281023009,LIGO Brand,Sliced Carrots,7281023009.png,Canned Vegetables,24 / 14.5 oz.,14.5 oz (411g),USA,36 Months,14 pounds,.30 cubic foot,,,,1/2 cup (120g),About 3.5,30,0,370,0,6,2,4,,<1,,26,0.4,,"Carrots, Water, Salt, Calcium Chloride",,Fancy Quality,0,0,0,0,100%,0%
7281023000,LIGO Brand,Diced Carrots,7281023000.png,Canned Vegetables,24 / 14.5 oz.,14.5 oz (411g),USA,36 Months,14 pounds,.30 cubic foot,,,,1/2 cup (120g),About 3.5,30,0,370,0,6,2,4,,<1,,26,0.4,,"Carrots, Water, Salt, Calcium Chloride",,Fancy Quality,0,0,0,0,100%,0%
7281024302,LIGO Brand,Mixed Vegetables,7281024302.png,Canned Vegetables,24 / 8.25 oz.,8.25 oz (234g),USA,36 Months,16 pounds,.30 cubic foot,,,,1/2 cup (125g),About 2,45,0,340,190,9,2,2,,1,,26,1.1,,"Carrots, Potatoes, Green Beans, Peas, Corn, Water, Salt",,Fancy Quality,0,0,0,0,80%,6%
7281024317,LIGO Brand,Mixed Vegetables,7281024317.png,Canned Vegetables,24 / 15 oz.,15 oz (425g),USA,36 Months,14 pounds,.30 cubic foot,,,,1/2 cup (125g),About 3.5,45,0,340,190,9,2,2,,1,,26,1.1,,"Carrots, Potatoes, Green Beans, Peas, Corn, Water, Salt",,Fancy Quality,0,0,0,0,80%,6%
7281023110,LIGO Brand,Sliced Beets,7281023110.png,Canned Vegetables,24 / 15 oz.,15 ounces (425g),USA,36 Months,14 pounds,.30 cubic foot,,,,1/2 cup (120g),About 3.5,40,0,250,0,8,1,6,,<1,,26,0.4,,"Sliced Beets, Water, Salt",,Fancy Quality,0,0,0,0,0%,0%
7281023105,LIGO Brand,Diced Beets,7281023105.png,Canned Vegetables,24 / 15 oz.,15 ounces (425g),USA,36 Months,14 pounds,.30 cubic foot,,,,1/2 cup (120g),About 3.5,40,0,250,0,8,1,6,,<1,,26,0.4,,"Diced Beets, Water, Salt",,Fancy Quality,0,0,0,0,0%,0%
7281025226,LIGO Brand,Baked Beans in Tomato Sauce,7281025226.png,Canned Vegetables,24 / 14.8 oz.,14.8 ounces (420g),USA,36 Months,14 pounds,.30 cubic foot,,,,1 cup (150g),About 3.5,150,0.76,576,0,28,11,9.5,,7.2,,45.5,2.8,,"Beans, Water, Tomato Paste, Sugar, Salt, Modified Starch, Spices",,,6.8,0.2,0,0,0%,7.80%
7281021202,LIGO Brand,Garbanzo Beans,7281021202.png,Canned Vegetables,24 / 15.5 oz.,15.5 ounces (440g),USA,36 Months,14 pounds,.30 cubic foot,,,,1 cup (150g),About 3,138,1.52,431,0,22,8,1.3,,9.2,,32.5,2.2,,"Garbanzo Beans, Water, Salt, Disodium EDTA",,,13.7,0.24,0,0,0%,10%
7281021333,LIGO Brand,Dark Red Kidney Beans,7281021333.png,Canned Vegetables,24 / 15.5 oz.,15.5 ounces (440g),USA,36 Months,14 pounds,.30 cubic foot,,,,1 cup (150g),About 3,135,0.45,507,0,22,11,2.2,,10.5,,61.1,2.8,,"Dark Red Kidney Beans, Water, Salt, Calcium Chloride",,,4.1,0.04,0,0,0%,5.30%
961439811802,LIGO Brand,Crisp & Sweet Corn,961439811802.png,Canned Vegetables,24 / 12 oz.,12 ounces (340g),USA,36 Months,24 pounds,.50 cubic foot,,,,1/2 cup (125g),About 3.5,80,1,310,150,17,2,4,,2,,0,0,,"Super Sweet Whole Kernel Corn, Water, Salt",,,10,0,0,0,0%,6%
281002440503,LIGO Brand,Crisp & Sweet Corn,281002440503.png,Canned Vegetables,6 / 4 lb. 11 oz.,4 pounds 11 oz.,USA,36 Months,36 pounds,.80 cubic foot,,,,1/2 cup (125g),About 17,80,1,310,150,17,2,4,,2,,0,0,,"Super Sweet Whole Kernel Corn, Water, Salt",,,10,0,0,0,0%,6%
7281024099,LIGO Brand,Whole Kernel Corn,7281024099.png,Canned Vegetables,24 / 8.5 oz.,8.5 ounces (241g),USA,36 Months,16 pounds,.30 cubic foot,,,,1/2 cup (125g),About 2,80,1,360,0,17,2,4,,2,,26,0.4,,"Whole Kernel Corn, Water, Salt",,Fancy Quality,10,0,0,0,0%,6%
7281034128,LIGO Brand,Whole Kernel Corn,7281034128.png,Canned Vegetables,24 / 15.25 oz.,15.25 ounces (432g),USA,36 Months,14 pounds,.30 cubic foot,,,,1/2 cup (125g),About 3.5,80,1,310,150,17,2,4,,2,,0,0,,"Whole Kernel Corn, Water, Salt",,Fancy Quality,10,0,0,0,0%,6%
7281034093,LIGO Brand,Cream Style Corn,7281034093.png,Canned Vegetables,24 / 15 oz.,15 ounces (425g),USA,36 Months,14 pounds,.30 cubic foot,,,,1/2 cup (125g),Approx. 3.5,60,0.5,360,0,14,2,7,,1,,0,0.4,,"Whole Kernel Corn, Water, Sugar, Modified Food Starch, Salt",,Fancy Quality,5,0,0,0,0%,4%
